Id,Label,timeset,modularity_class
1,upset cant updat facebook text might cri result school today also blah,,23
2,kenichan dive mani time ball manag save 50 rest go bound,,12
3,whole bodi feel itchi like fire,,13
4,nationwideclass behav im mad cant see,,23
5,kwesidei whole crew,,13
6,need hug,,3
7,loltrish hey long time see yes rain bit bit lol im fine thank how,,12
8,tatianak nope didnt,,23
9,twittera que muera,,0
10,spring break plain citi snow,,13
11,just repierc ear,,24
12,caregiv couldnt bear watch thought ua loss embarrass,,25
13,octolinz16 count idk either never talk anymor,,25
14,smarrison wouldv first didnt gun realli though zac snyder just doucheclown,,24
15,iamjazzyfizzl wish got watch miss iamlilnicki premier,,25
16,holli death scene will hurt sever watch film wri director cut now,,1
17,file tax,,23
18,lettya ahh ive alway want see rent love soundtrack,,8
19,fakerpattypattz oh dear drink forgotten tabl drink,,12
20,alydesign day didnt get much done,,23
21,one friend call ask meet mid valley todaybut ive time sigh,,12
22,angrybarista bake cake ate,,13
23,week go hope,,13
24,blagh class 8 tomorrow,,12
25,hate call wake peopl,,8
26,just go cri sleep watch marley,,24
27,im sad now misslilli,,1
28,ooooh lol lesli ok wont lesli wont get mad,,23
29,meh almost lover except track get depress everi time,,23
30,some1 hack account aim now make new one,,1
31,alielayus want go promot gear groov unforn ride may b go one anaheim may though,,8
32,thought sleep option tomorrow realiz now evalu morn work afternoon,,3
33,julieebabi awe love 1 miss,,25
34,humpninja cri asian eye sleep night,,23
35,ok im sick spent hour sit shower caus sick stand held back puke like champ bed now,,13
36,cocomix04 ill tell ya stori later good day ill workin like three hour,,12
37,missxu sorri bed time came gmt1,,12
38,fleuryli dont either depress dont think even want know kid suitcas,,8
39,bed class 812 work 123 gym 35 6 class 610 anoth day that gonna fli miss girlfriend,,25
40,realli dont feel like get today got studi tomorrow practic exam,,23
41,hes reason teardrop guitar one enough break heart,,12
42,sad sad sad dont know hate feel wanna sleep still cant,,8
43,jonathanrknight awww soo wish see final comfort im sad miss,,25
44,fall asleep just heard traci girl bodi found sad heart break famili,,24
45,viennah yay im happi job also mean less time,,12
46,just check user timelin blackberri look like twank still happen ppl still prob w bgs uid,,24
47,oh manwa iron jeancjumb fave top wear meet burnt,,23
48,strang sad lilo samro break,,1
49,tea oh im sorri didnt think retweet,,8
50,broadband plan massiv broken promis via wwwdiigocomtautao still wait broadband,,12
51,localtweep wow ton repli may unfollow can see friend tweet your scroll feed lot,,25
52,duck chicken take wayyy long hatch,,13
53,put vacat photo onlin yrs ago pc crash now forget name site,,1
54,need hug,,3
55,andywana sure pos much want dont think can trade away compani asset sorri andi,,8
56,oanhlov hate happen,,8
57,sad feel dalla go show gotta say though youd think show use music game mmm,,1
58,ugh92 degre tomorrow,,12
59,u move thought u alreadi sd hmmm random u found glad hear yer well,,8
60,batmanyng miss ps3 commiss wutcha play cop blood sand,,25
61,just leav park lot work,,24
62,life cool,,13
63,sad though ive never gotten experi post coitus cigarett now never will,,1
64,nice day bad rain come tomorrow 5am,,12
65,starrbbi bad wont around lost job cant even pay phone bill lmao aw shuck,,23
66,damm back school tomorrow,,12
67,mo job money hell min wage 4 fn clam hour,,12
68,katortiz forev see soon,,25
69,ltalgonquin agre saw failwhal allllll day today,,12
70,jdarter oh haha dude dont realli look em unless someon say hey ad sorri im terribl need pop,,8
71,ninjen im sure your right need start work nikster jare least,,3
72,realli hate peopl diss band trace clear ugli,,8
73,gym attir today puma singlet adida shortsand black busi sock leather shoe lucki run cute girl,,23
74,wont show locat,,1
75,picnic phone smell like citrus,,13
76,ashleyac donkey sensit comment nevertheless hed med glad see mug asap charger still awol,,12
77,new csi tonight fml,,12
78,think arm sore tenni,,8
79,wonder someon u like much can make unhappi split seccond depress,,13
80,sleep soon just hate say bye see tomorrow night,,24
81,statravelau just got ur newslett fare realli unbeliev shame alreadi book paid mine,,24
82,missin boo,,12
83,markhardy1974 itm,,2
84,damn dont chalk chalkboard useless,,8
85,blast getti villa hate shes sore throat day just get wors,,24
86,msdrama hey miss ya meet sup mama,,25
87,tummi hurt wonder hypnosi anyth work get stop smoke,,3
88,alway fat one,,12
89,januarycrimson sorri babe fam annoy thank theyr asleep right now muahaha evil laugh,,1
90,hollywoodheat paid attent cover photoshop webpag design class undergrad,,1
91,wednesday bday dont know 2,,8
92,poor cameron hill,,25
93,pray pleas ex threaten start sh myour babi 1st birthday parti jerk still headach,,12
94,makeherfam hmm u realli enjoy problem constant u think thing find someon ulik,,8
95,strider sick littl puppi,,13
96,ryleegracewana go steve parti sad sinc easter wnt b abl 2 much ohh well,,1
97,hey actual won one bracket pool bad wasnt one money,,12
98,stark dont follow either work,,3
99,bad nite favorit team astro spartan lose nite tw good,,13
100,bodi miss northern calif girl found polic found remain miss northern california girl,,25
101,mangaaa hope will increas capac fast yesterday pain got fail whale 15 time 2 hour,,12
102,behind class work,,3
103,watch quothousequot,,25
104,kprey rememb bum leg strike back time serious,,12
105,paradisej cool will kind complaint laptop onlin overh recal,,12
106,emili will glad mommi done train new job miss,,25
107,rather first parti send bad messag 3rd parti send mix one sophmor year,,12
108,henkuyinepu overr,,8
109,marykatherineq know heard afternoon wonder thing moscow behind time,,12
110,lay bed voic,,12
111,im sooo sad kill kutner hous whyyyyyyyy,,1
112,jacobsumm sorri tell mea culpa realli sorri,,8
113,alliana07 didnt make sens suicid thing refus believ actual happen,,13
114,salancast hope ok,,13
115,mercedesashley damn grind inspir sadden time dont want stop cuz like u much love,,8
116,hibanick yeah aw know wudnt stand chanc,,8
117,ugh cant sleep 130am,,23
118,hang crooner wanna sing cant suck,,23
119,erresc aaw miss ya im leav bh tomorrow quotmorningquot think aww wanna go beach w u girl,,25
120,piss there asba radio station,,8
121,wednesday bday n dont know 2,,8
122,know life flip upsid just thought head ramen sound good,,24
123,pain back side hurt mention cri made fail,,12
124,late night snack glass oj bc im quotdown sicknessquot back sleepugh hate get sick,,23
125,allyheman im big fan camilla bell,,13
126,grum wah cant see clip must elstupido work filter cant wait till get puter someth els 2 blame ex 4 broke mine,,23
127,week just seem get longer longer term much need much im actual go get done,,24
128,im cold,,12
129,thecoolestout ehhh dont weather gonna take turn ugli tomorrow,,8
130,chelserlynn haha cooooold d still go show incred stuff,,12
131,hope tummi rumbl go away soon,,13
132,knight notic told id work tomorrow call agenc follow said,,3
133,almost bedtim,,12
134,im miss babe long aliv im happi yawwwnn im tire love imma tri sleep hope headstart,,25
135,aghsnow,,4
136,miss kenni power,,25
137,bridgetsbeach thank let peopl know now im sad direct messag got wasnt actual bridget,,1
138,india miss 100th test victori n 10th consecut win without loss,,25
139,jonathanrknight guess that,,25
140,sad go bed,,1
141,ozesteph1992 shame hear stephan,,8
142,mrsaintnick hey im leavin morn,,12
143,intend finish edit 536page novel manuscript tonight will probabl happen 12 page left,,12
144,laid around much today now head hurt,,1
145,twista202 still havent read 9thamp10th princess diari save francesca made cri end hmm easi book,,12
146,nokia 1110 die,,13
147,mom might breast cancer wont find anyth like week im worri,,13
148,go sleep hope tomorrow better day,,12
149,rumblepurr lol wish understood daylight save end though breakfast hour later keep wake kid,,12
150,onemoreproject lame,,24
151,dont understand realli dont,,8
152,hero just isnt season,,24
153,live downtown sure isnt much fun,,25
154,jonathanchard calori wise wish junk food calori free ate thing sour skittl big ass cherri coke,,13
155,man work hard,,3
156,get sick time hot tea studi sleeeep,,23
157,get eyebrow wax pain,,23
158,phantasi star yesterday go work,,3
159,oh just got macheist 30 app sweet didnt get espresso serial though although said sent oh well,,24
160,pick mich st win get go feel pretti good pick way untiltonight lost,,23
161,alon downstairswork,,25
162,feel bad,,13
163,ryanseacrest just hate anoop mean serious shes kinda mean,,24
164,pinkserendip yes sprint 4g baltimor chicago far,,8
165,im stuck awak middl night second day row felt terribl yesterday,,12
166,thank burst bubbl,,12
167,go school soon cant find anyth wear gosh hard,,23
168,marieclr serious lol,,12
169,naughtyhaughti page sooooo long got delet sad day histori,,1
170,crazi wind today bird,,23
171,current work,,3
172,grrr ipod act weird jai ho think arent play full song ughh,,8
173,penndbad send dvd cos miss heap happi,,25
174,dont see big deal websit,,8
175,machineplay im sorri your go therapyfail,,8
176,colindemar far way rail tip,,8
177,im still swear keep lose gain lose gain tweep heart wrench,,12
178,today realiz good hide thing even cant find,,23
179,stay friend househous sit neighbor loudhav parti,,25
180,dannyvegasbabi danni im upset wasnt watch live chat car 3 hour trip im soooo upset,,25
181,check mug,,8
182,border close 10,,23
183,download nin new album quotth slipquot hell come im behind time day,,12
184,just woke alreadi written email ive go earli univers today teach 830,,24
185,watch hill make sad,,1
186,mani channel yet bore lazi day may find hobbi,,12
187,supersport miss buddi ill ny 25th,,25
188,robluket love french tell peopl south im qtr french snarl french beauti peopl,,25
189,opp said still got one day remain now problem come,,12
190,activ selfcontrol block earli mean cant check new qc regular intern clock might difficult fb,,23
191,hillydop oh,,5
192,spencer good guy,,13
193,goodlaura rees die ttsc season final next week 24 bore madam presid crazi woman,,13
194,jonathanrknight hate limit letterstoohop guy finei pray dogsheďż˝ well,,8
195,didnt get shit done today im screw,,23
196,wanttss go,,6
197,go sleep tonit,,23
198,worri tire post tonight,,25
199,couldnt get shit done today im screw,,23
200,job interview cardiff today wish luck got 3 hour sleep,,23
201,stuston show whack way wors whack wiggetywhack,,1
202,djalizay realli dont think peopl choos way think chose accept famili help might dead now,,8
203,eloquentembrac your go kill ive seen ds9 ive wait till can one solid week sit,,12
204,cheechbud think ur right hahaha 45 hrs now,,1
205,hate see spartan sad,,1
206,mind bodi sever protest quotget upquot thing nightmar boot,,13
207,mysteezradio im goin follow u sinc u didnt lol go angel,,12
208,mandayyy,,7
209,twista202 think want read book librari doesnt,,8
210,nap interrupt mani time today go japanes rent,,12
211,kind long bus show end ghost world right now ugh,,1
212,gurumn canada canada weird suppos get snow wednesday ugh,,23
213,awwh bab look sad underneith shop entranc quotyesterday musikquot o like look new transform movi,,1
214,sad feet macbook just fell,,24
215,im gonna get late tomorrow 132am gonna get tipsi lonesom thatsthat just sad,,24
216,im sweat forthcom trip e3 cant find someon crash im may screw,,23
217,now gotten somebodi read tweet cant get make account,,23
218,infinitydefin omgawd couldnt handl cat heat time d d,,12
219,donniewahlberg hope can make auburn show look good,,13
220,davidhenri that peopl mag haha couldnt fit dont think pictur ever made magazin tho haha,,8
221,breadandbadg congrat total forgot submit photo,,25
222,paulaabdul awww good luck paula pleas dont work hard hope fun new album gonna amaz xxx,,3
223,imaginarypeach now leav get sad,,1
224,miss twitter phone broke now im use stupid nokia phone ughhh miss advanc phone,,25
225,shoot outsid hous o kid scare,,1
226,tuesdayďż˝l start reflect ďż˝n lectur stress reduc techniqu sure might becom use us accompani,,12
227,tragedi disast news week,,13
228,yes yes still tri find pictur will upload correclti,,12
229,oh red sox game rain look forward open day,,12
230,still cant find key,,23
231,charlietm know right dunno go twitter,,8
232,might get sore throat,,23
233,labelsnotlov home town mammi call depressd pls explain y parent let 8yr old child walk alon hello 2009,,25
234,ircmaxel think need find better antidepress think paxilwellbutrin combo lose efficaci,,3
235,myconnecticut restaur call woodntap competit eat tourney round tourney time place 2nd,,12
236,bathroom wake lakin,,12
237,caitlinoconnor want taco margarhita telll gay say hellolt3,,8
238,im lone keep compani 22 femal california,,12
239,bad day betfair offic,,12
240,miss cant wait celebr tar heel win weekend though,,25
241,im realli cold dont want go sleep yet there noth,,8
242,kristencampisi 4 u offici 4 go round,,12
243,monkey just found twin wont even write back im heartbroken,,24
244,missom aww know felt like yesterday work,,3
245,sarahreedsc treati isnt defin,,12
246,miss brent prais band fun lead guitarist ltpoutgt,,25
247,jpfurri poor john happen play fruit microwav serious though seen doctor xxx,,25
248,miss bff watch home away remind lt3 shout u court,,25
249,mandayyy,,9
250,new video card doa,,12
251,feel lost nake confus jk sort ofno iphon,,13
252,damn late fill apprais form peopl almost sent occupi work,,3
253,miss brent prais band fun lead guitarist ltpoutgt,,25
254,think much past cant chang deserv much wat got still think gah,,23
255,lost ring nowher seen,,23
256,burgaw ooooooh sealclap see download shitload zip folder 4chan internet money fuck yeah alicia amp mikey,,25
257,still nurs nile glad feel better hate babi sick,,13
258,fuck go back ic,,12
259,brandizzzle08 yoyoyo internet rude tonight just reconnect im go bed,,24
260,jemcam well uni stuff netbal netbal ive done uni stuff can,,13
261,kissabl poor,,25
262,help forget 8th april amp 13th juli,,13
263,dierk bentley comin columbus oh wanna go bad,,13
264,take sidekick back,,12
265,chriscantor congrat im total jealous wish xm work,,3
266,gr8t face itchi,,12
267,poor sock luvvvvv golden retriev want one sighhhh,,8
268,just saw found traci girl piec luggag fuck terribl,,24
269,aaaaand nausea back,,12
270,donniewahlberg ooh iďż˝m excit even go 2 long love youtub,,25
271,spent 1 hour reach axi bank find today holiday mahavir jayanti contd,,23
272,mathewsmichael agre jobro dont updat there often,,8
273,fishmous hilari link clip lj time ago went back just now dead link,,24
274,diannepulham oooooooo im neither that need studi,,3
275,havent tweet near day post websit tonight hope goe well night time,,12
276,bostongarden miss bentley,,25
277,serious need finish job applic,,3
278,son vinca sick stay home just three tens day work back holiday kid,,24
279,whing clientampboss dont understand english well rewrot text unread written v good writerampreview correct,,8
280,huntermoor dont want ever punch,,8
281,sooo sick snow ughh,,13
282,itsnemesi,,10
283,lovemeagan doesnt work fan upset,,3
284,like apolog repeat video game live relat tweet go stern discuss koodo soon stern,,13
285,zaydia cant figur get back pay hotel etc,,23
286,fml much senior bc technolog inept now quotregisterquot class,,1
287,feel like slept day away look forward bout gallbladd least pill now pain,,13
288,thastevieg realli want old bass back,,8
289,mad tire today callin earli tonight nighti night twitta,,23
290,levenrambin take easi good,,13
291,im afraid bad code,,13
292,think im go bed goodniight hate,,8
293,riancurti im friend love,,25
294,kariajay time didnt notic gonejust need db2,,12
295,aaronrva bathroom pee,,12
296,ashleyskyy want margarita,,8
297,kourtneykardash yup night workout r worst unfortunet work schedul allow go night tough,,3
298,just call hillsong said couldnt tell wait list dont know look good,,24
299,0g milki bar left around 200ml coke,,12
300,jokerrrr stillllll hasnt arriv,,12
301,mraow feel like danc first art school want rape,,13
302,karenucol ah bet ive like crave play softbal basketbal noo time,,12
303,terrifi accident delet refer manag assign hope doesnt get troubl get back,,23
304,amazon s3 plugin work websit need php 5 host provid php 44 sad,,3
305,argh suuuper sleepi hour ago now im wide awak hope dont stay night,,8
306,austinhil wish sold time let know love hear,,12
307,just watch tropic thunder dread tomorrow,,24
308,qweendassah nohe still missn,,12
309,chiefdelphi,,11
310,accord bro new puppi poo fight cover poop pictur stolen,,12
311,play game home new boss didnt call yet,,25
312,su yin huen tweet feel unbear guilt made staff cri,,13
313,poor joshi sick damn tejano,,13
314,thought sandra cantus famili difficult sad time,,1
315,franzglaus know just want let everybodi know happen,,24
316,michigan dont know sigh shame,,8
317,fill two hour,,12
318,alicayaba cuuut hey miss na see girl everyday,,25
319,jonathanrknight oh mention quotgooooood moooorniiiiiiingquot germani im back cageor bettermi offic,,12
320,throat close string chees good idea,,13
321,aww sandra cantu found dead suitcas miss children stori never seem go good poor famili,,25
322,wish home underneath cover,,25
323,walk home school drain energi,,25
324,ridley1013 agre shapeshift copout excit angela ep thought week noah awesom tho,,13
325,savethestrib dang done knew earlier outing plan,,24
326,wish better write take long write paper,,13
327,cours access halo 3 mythic map pack redownload bad news legendari map pack ugh 600ms,,13
328,vene2ia yet unfortun anoth week ive told ive littl bit busi latest project,,13
329,thecoolestout ha sun alreadi gone,,12
330,day 2 lot harder day 1 let see day 3 goe tomorrow,,12
331,man crush jake peavi let gayforpeavi,,12
332,trishzw megafast trip time day tomw go tonight want see bad tri warn tech fail,,12
333,michigan state make sad,,1
334,omg mouth much pain just wanna sleep until time take brace,,24
335,get annoy easili today gtgtgt biofuel propos get annoy easili today gtgtgt biof,,23
336,mizzchievouz hey girl site back girlyvu back even video,,12
337,a5hleyf im spend time grandma earli tomorrow cant leav skittl,,12
338,just got home watch michigan state get tromp,,24
339,oh jewbus two year worth class work alot organ gtlt im finish tonight possiblemi bone ach,,3
340,griffmiest exchang laptop hasnt arriv,,12
341,hyperbet hope doesnt last long feel miser,,13
342,rcompo rachel hang outag neccessari gonna home wekend dumb folk make work im free f sat 4,,3
343,theleaguesf fun amp furious new mantra bay 2 breaker get 2 rambunctiousth citi overreact amp clamp,,23
344,amberbenson hubbi reason think import good spot red carpet trek movi premier sod,,13
345,swear matter long ive get 5am never get easier man eye hurt wah,,23
346,jeffreestar jeffre keep hair one color perman dye fade within week,,12
347,otakusecret reaction whoa didnt see come,,12
348,still sick feel bit better got new medicin hope feel good night sleep ohh suppos snow wtf,,13
349,dangerm0us think mayb get coupl hour sleep hon product can right now ur dog tire worri,,23
350,maddyva thank lot learn lot new word didnt find look,,12
351,wish xblm download gamertag hitokyri 5 gamertag thing nonsens im tire,,13
352,new testament test 930,,12
353,scoutbuck ton hay troll ahhhh,,25
354,stupid movi watch mirror ugggggh stooopee rip,,25
355,love buck,,25
356,last one still done,,12
357,homework,,8
358,dont understand thing get taken away didnt enough time unfair want back like babi,,8
359,scratch du heif two half cooki tum just cant take anymor shoog poot,,24
360,cococourtney just listen sweet first time forev miss much can go chi town visit plz,,24
361,geez busi afternoon meet email meet email meet 6pm day still go ah dark,,12
362,dang anoth spring break cool bad work week oh well money phone ttyl everbodi,,3
363,sarak im afraid ur repli uni age ago,,12
364,feel,,13
365,carvin1 lol emot ass men omg late night eat us broke,,12
366,nickcart aww nick like hair longer cut break heart,,13
367,wonder jon lost net,,23
368,wow depress thing world lose video youv creat matter second fml,,13
369,nchokkan httpswwwmycomicshopcomsearchtid395031 say stock,,1
370,poohpot lmao im sorri poohpot ate,,8
371,chanc softbelli mtub isnt loud,,12
372,time move posterior lose fat articul creak run iďż˝m drool swim,,12
373,listen nathan cri,,12
374,today suck im gonna die without chris callum wahhh,,23
375,stou site updat info 22552 exam open cours must wait mail notic doc um,,8
376,ohsbrat30im sorri im feel kinda yucki 5am go come quick,,13
377,love scrappi missin alreadi,,25
378,want hear seblefebvr s song myspac mess,,8
379,bad news dad cancer die good news new busi start now life coach practis holist weight manag,,13
380,duchessrebecca man intervent soo sad,,1
381,help need new boyfriend im stuck rut,,3
382,feel like complet idiot im one doesnt get shit work help,,3
383,saw ad craigslist cast call femal host g4 total psych realiz hoax,,25
384,pepperoni roll la call valentino said sausag roll pepperoni roll,,25
385,soillodg yes will monday,,12
386,want new gg episod alreadi,,8
387,miss watch rocko modern life,,25
388,rip sandrait sad can someon someth like,,1
389,keep finger cross buddi feel well,,13
390,wait eat skinni vega im hungri,,12
391,margeinovera tri tweetdeck hate passion hate im sure,,8
392,benackerman btw iphon act funni die quick freez bs im admit anyth just sayin,,24
393,sit wonder quotedquot still strong hold,,12
394,bananafac im sorri got sick lol go bed night,,8
395,carolrainbow internet home drive ox use internet builder,,25
396,stevebuscemi weather canada freez,,12
397,twiggassssssss rang day im back now hope good,,1
398,danadearmond,,14
399,anyon read pray grandma shes pain,,12
400,3 woke accid quotit push pushingquot cri couldnt stop wet pant,,12
401,home franklin street almost jump fire someon kick jenni lost shoe,,25
402,johnnybean hey just chang default,,24
403,final gave bore enough start thing think 140 go problem tho like myspac status,,13
404,ellievolia oooon realli lucki eh awh definit earli work,,3
405,buttload homework,,8
406,need anoth copi visual studio 2008,,3
407,school world weekmi school silli anyway look bright side im u will,,12
408,omg ive econom test dont know thing know omg im gonna fail,,8
409,robcthegeek upon time hundr island pride philippin tourism coralclamrar fish poach kinda sad,,1
410,henkuyinepu yeah appar realli bad tast,,8
411,hummiemd know realli surpris sinc everyon recommend youtub call tomorrow figur,,8
412,wait airport ride get harass 2 men tri sell ugli hat just want sleep,,24
413,left id locat now can go bar fuckkkkkkkkkkkkk,,1
414,celycarmo im sorri dont understand last comment,,8
415,officialrandl announc stay late last night,,12
416,kishorek strang illeg torrent avlbl everywher legal dvd stock now,,1
417,enough say imiss u,,1
418,trolley pack like sardin padr game remov car good call mts,,13
419,randomlynat jeez just tri help haha,,24
420,supamagg happen saturday night along glitteri green lighter,,12
421,tri reduc number cigarett day,,12
422,yea quiet around cuz everyon work im bore death nobodi talk,,3
423,gotta cook assign hard,,23
424,treesahquich okay applepear ive talk peopl theyv one ever told never,,12
425,jennifermf know im night owl natur hahaha time zone behind almost 1,,12
426,mamasvan lol nope complet camerafail,,12
427,maxime68 megeld im useless dont sleep fair want fun well,,8
428,pooki uti nurs gabbi get back 100 soda,,23
429,jillianfish tweet someth damn hang pleas,,25
430,anistorm,,8
431,im behind video game everyth matter im yesterday news,,12
432,sleeptilnoon one left got tempt ate soon got home chocol velvet amp ate d mocha,,12
433,stress blackberri keep flash red alert status reason fake hate,,8
434,wanna wear doc marten havent worn sinc decemb,,25
435,shoe repair shop guy find shoe go back see can find coupl day,,12
436,bbarnett realli see come,,12
437,just woke vivid sketchi notcool dream life time stare wall light,,24
438,itll take 3 day sister get passport,,23
439,nicolerichi oh yes miss,,25
440,uh oh think get sick,,23
441,good god ruin belli button,,13
442,watch frame roger rabbit make miss toon town,,25
443,akianz rent cheap rent awesom hous 3 buy attempt fall,,1
444,run nose spin head good combin meet,,13
445,eazydoesit87 negat lost vote confid,,23
446,nasti budget due iphon sent appl today,,23
447,sofiinoel thatďż˝ bad,,13
448,dammit episod 3 king wont play reason stop middl now wont anyth,,1
449,im upset miss chat quiz onlin free internet ceas,,25
450,cant believ im disbelief way realli much can take peopl alway get hurt other,,23
451,car show season start without,,1
452,throat raw,,23
453,kevchoic just dont get person mind even ish like prayer fam real,,24
454,frago hate didnt need see need call therapist now,,1
455,twilight didnt come yesterday finger cross today,,12
456,nilelegania glad abl help feel better hate see sick love,,13
457,tireddddddd want sleep assign finish exam tomorrow studi,,8
458,know think need money,,8
459,omgit jst teusday,,15
460,ddlovato davidhenri ummmmm cant find,,23
461,just heard found sandra cantu 8 yrs old,,24
462,corrosivecandi ive forgotten snoosnoo wonder snoosnoo will ever meet,,12
463,amanorri wow last tweet made seem like giant sexistsorri,,13
464,bathtub drain fire haz 1 job 2 amp iz fail got drano ass amp iz still drain wanna shower dangit,,12
465,stuck home,,25
466,nomadicmatt mine 110 get,,23
467,duckl famous children book stolen boston public garden boston globe via sharethi oh,,12
468,appomattoxnew thank howev hate list includ 2 convict,,8
469,head altrincham hour instal,,12
470,morn good im bloodi knacker work today helppp xxx,,3
471,jeffreecuntstar dont garag can park driveway,,8
472,lauredhel happen,,1
473,quoton popular musicquot twadorno probabl difficult read ever prescrib im actual struggl continu,,8
474,cant see flower fall dont camera just cellphon,,24
475,weve good im like snow right now get use nice springlik weather,,23
476,brianarmstrong piti youtub current block china cant see vid,,23
477,margaretcho happen show hightlight life,,1
478,best leather sofa world offic though mean im still work,,3
479,still 3 day internet get uncap,,23
480,doesnt get better day someth lodg belli,,23
481,love atekinzz much ampamp soo miss,,25
482,wanna sneak zoo play kitti,,25
483,lolitariot oh hope your get sick,,23
484,alejandralei dont think can caus cousin birthday parti,,8
485,sweet littl man just fell asleep wait daddi big brother get home poor babi miss much today,,25
486,angel go miss athlet weekend,,25
487,trust hard,,23
488,watch consid today yaknow shawnna tomomorrowi need bestfriend,,3
489,grr want keep read wont anyth left read,,8
490,atekinzz world,,13
491,rumlov u suppos date,,13
492,pear amp brie bottl cabernet quotwin date tad hamiltonquot oh gawwd life flash forward im 40 75 cat,,13
493,crap need dress,,3
494,kaeeeep yeah know horribl ugh sadden,,8
495,brodh geez ur fun,,25
496,wanna punk rock band,,25
497,jyesmith that lot angst tuesday afternoon,,12
498,im glad britney isnt crazi anymor one hell show now im sad next upap cook counti,,1
499,huuug headach omg feel like crap,,13
500,anistorm sorri,,8
501,cleder sorryi root,,16
502,man took forev,,12
503,shandasaurus see,,25
504,list item ebay sell take forevermeanwhil coleman watch hill season premier without,,25
505,just got present done 23 slide done im cri week will hardest week,,24
506,just lost 160,,24
507,dont like previous skin thing start season two like went straight intro like,,8
508,houndour wish thereim pretti good scare shit peopl,,13
509,go sound vain run fav lip gloss,,13
510,stuiy never will click link scream quotim spider im spiderquot known better yucki,,13
511,time work get sick,,3
512,pratama imac came 320 indonesia state,,25
513,dammit need stop buy furnitur,,3
514,misssil half asleep turn laptop,,12
515,death peac life howev bite,,13
516,think jonathanrknight lost net sure hope,,8
517,httpisgdr8zi httpisgdr8zg test footag girlfriend hd dark one underxpos,,12
518,tough game watch tonight state final go bed also stay watch season premier hill,,25
519,seem jrubi support hpricot now two version behind,,1
520,jinxcat unlik sisteri still dont one,,8
521,frake app store piss,,24
522,log need studi,,3
523,anyon els problem access ttb cant get,,23
524,strong dislik peopl make stupid comment dont know whole stori,,8
525,emmaketurah im sorri emma swarley goldfish im sad u,,1
526,tweet alreadi gone arent miss guy tonight,,25
527,cant sleep face kinda swollen dont let allerg thing thatll get thursday school tomorrow doubt,,23
528,snickthedog izzi cat tree shell stare shes floor chase run,,13
529,offici ban godaddycom comp head hurt small print wast 10 couldv happili gone boba,,12
530,humanopium pretti much just scari,,24
531,ilovepi mine im find well hard get fit,,23
532,good morn readi 2 go want 2 go back 2 bed,,12
533,hate wait mail,,8
534,wheat bread dollar store just doesnt toast nice go tax call earli night,,24
535,kutner mean knew someth go happen someon sad lt3 hous well done im still sad,,1
536,jonathanrknight aw ok goonit,,25
537,ill cant go cinema,,23
538,fell asleep realli didnt mean christina,,8
539,kelleyrow hey rememb time use friend ugh vomit sick need sleep,,12
540,lymph node massiv rahm emanuel ball right now,,1
541,oh comput suck dont think ill abl listen xbox 360 fancast tonit,,8
542,miss play trumpet,,25
543,throat still realli sore meant go 5 day camp friday sure now,,1
544,sasii know exact feel,,13
545,work,,3
546,well bed time now 1 sigh back 6 morn week wednesday,,12
547,hert jesus camp yeah,,8
548,marybethun oh everyth happen today forgot go dress shop opera tomorrow,,23
549,turtl better mac last longer move faster,,13
550,soak pleasant,,17
551,ginay sorri hear maggi thought mum,,8
552,ewarden may email one hope feel better,,13
553,miamiiboii dead yu gettin wen im leavin,,3
554,arlenecd pleas tell that somewher close california lol,,12
555,phlaimeaux,,18
556,stupid arrang marriag ill convert can marri melov,,13
557,emilyrupp well said looser show impli,,1
558,poor sandra cantu amp cantu famili prayer go sick world live 8,,13
559,fuck omg austin alway though man lt3 love,,25
560,nicolerichi cri hard matthew die,,12
561,sad feet macbook just fell sad feet macbook just fell,,24
562,chordsi last find thing like your twitter,,13
563,lovebscott absolut,,1
564,fill curri true indian come,,12
565,im soooo cold right now,,1
566,heidimontag lol kant believ cam got beat upp sooo embarasssiiiin,,12
567,jonathanrknight good knight hun look forward ur tweet hate keep miss fun cuz time differ,,25
568,tumblr exact feel wear ďż˝tieďż˝,,13
569,daniela95616 hahaa just realiz quotimpunequot definit isnt word want dang im unclev,,24
570,watch old video danc team make miss,,25
571,wahh csi anywher dvred love money 2 though gonna watch sleep goodnight tweeterslt3,,25
572,struggl hard inventori,,23
573,ddlovato hate us pleas dont,,8
574,ballinbitch haha im ballin still got bill paaaaay,,12
575,im one day realli just want work home crap,,24
576,paulewog waiti game just episod im confus,,24
577,carlyw66 haha cri guess,,12
578,dont get statist bunch mumbo jumbo,,23
579,sloanb got sad work uk amp us moment,,3
580,evict,,19
581,doesnt enjoy learn css,,3
582,nachojohnni brian dont make fuck u lol repli 2 ur messagedid u get miss u,,25
583,heidimontag dvrd went watch appar dish network went miss will catch rerun,,25
584,jessdubb lmao u may wait anoth season come thru summ boo hot nd dri ass weather,,12
585,lizchavez cant set feet ground miss eyelid peopl might get,,23
586,daniela95616 english professor asham,,8
587,o wish frog werent becom extinct,,13
588,came home cross counti tire,,25
589,dont want walk home snow want pick,,8
590,heidimontag lauren stubborn love love feel bad though made cri lol,,13
591,grouchi want bmar,,8
592,heart broken everi morn drop foo pre school now understand mom say quoth heart brokenquot,,1
593,feel well back hurt,,13
594,im mood chocol want miniatur rees cup now,,1
595,cant take heat like oven feel sick nwo,,13
596,nickcart come chat just 15 minut pleas,,24
597,boredd colddd internet keep stuf,,12
598,horribl nightmar last night affect sleep now im realli tire,,1
599,im lone keep compani 22 femal new york,,12
600,born4broadway lost st ignacius prepatori school haha,,23
601,birutagm yeah realli depress stuff like get,,23
602,whoisariston problem tongueincheek remark lot acronym nz,,12
603,greggrunberg hey said matt gonna go ballist disappoint good ep tho most,,13
604,ugh horribl end sandra kantu stori prayer go,,12
605,danielledeleasa hate 2 b allerg want puppi soo bad ive alreadi thought cool name,,8
606,morn folk 700 yawn amp away see hors hope twitter better behav today last night travesti,,12
607,quandotcom miss mine,,25
608,amandaenglund sorri hear loss mani year far,,8
609,nicolerichi gossip girl repeat,,25
610,inyoureyes2410 reckon,,20
611,find realli hard use twitter,,8
612,ive stuck hous two day,,12
613,realli sad doesnt realli know y,,1
614,thousandmil,,21
615,mayb one year ill get tax return girl can dream right,,23
616,back work tire hell feel cold come,,3
617,clariann knot2seri april 9th isnt come soon enough,,12
618,hannahsix cream eye may herp ocular herp differ strain hes okay though,,25
619,gotta repeat whole art folio cuz old one whole term work got wet,,3
620,im readi weekend alreadi monday,,25
621,lovebscott umm nopethink im insomniac plus got fluilll sleepin like phuckin fish outta water minut now,,1
622,finland sleep night realli enough time,,12
623,lunafiko cant wait tri em prolli wait next weekend earliest,,23
624,shiner take bed blanket,,12
625,clariann april 9th isnt come soon enough,,12
626,want cri,,8
627,need go bank tomorrow go broke,,3
628,earthquak itali sadden three hour away napl famili,,12
629,sleep stress week come,,12
630,dragon yea work tp hack server 12player thing folk,,3
631,hurt ankl go dr,,1
632,raymondroman oh noe manag send someth trash can empti without notic feel ya,,13
633,lost free copi radioact cant put ipod grrand cant go buy nother coz came paper,,23
634,make shit,,13
635,photoshop hate crash,,8
636,vacat make feel sick,,13
637,shouldnt gone,,12
638,listen murd 9th wonder just chillen miss crazi sex life,,24
639,louie094 shoot care luisa,,13
640,hillary006 im sure everyon ruin gift whitney serious cell easter well,,13
641,beso hollywood tire,,25
642,dont want wake earli tomorrow damn work,,8
643,just finish watch movi prayer bobbi broke heart,,24
644,syekr myki realli horribl,,8
645,stephenkruis 2 put dog today someon ran,,23
646,nevadawolf sorri hear dnf run tonight alway risk get bad coord ftf,,23
647,honey3223 get disgruntl peopl wrote esn 1000 hit one day made bill pull 250 top,,23
648,moony394 ohh omg lmao im cri right now lol kutnerrrr best,,1
649,came back run took showerwhi lower stomach still hurt exercis,,12
650,watch fallon mom work projectschool hard,,3
651,56 min till home time count crave visit mac store will close time get,,23
652,stephenkruis sorri hear take care,,8
653,paulcol hmmmgreed good motiv individu betternot much take away other,,13
654,gabbyisact brat rub dont want mocha,,8
655,kutnerrrr think 13 still show ugh kutnerk penn youv bright star ho,,12
656,redvinylgirl mom wish best luck,,13
657,hate homework head hurt bad,,8
658,got ebay blue item want jump bidder 100 hour still 3 hour go id better get hope,,23
659,gigdiari know littl depress ate much last night leftov today,,8
660,well pc live room suffer fatal partion lost itun librari gone doc pic,,13
661,sad day manu season,,1
662,stephenkruis poor spunkyit sadmi rotti made 10 go pathi know feel,,13
663,im sooo sad right now need hug,,1
664,want step brother home im worri dont even know hope know much care,,8
665,heidimontag just got done watch hill love excit next episod im sad last season,,24
666,ryanmwilson aww stink hug,,25
667,im tire feel like crap world feel crummi make happi usb disco mous,,13
668,dont want believ im readingbuuso sad,,8
669,wonder gamebattl,,12
670,white trash vs us outnumb,,13
671,emitstop true dont use,,8
672,spring break last one celebr,,12
673,morn bah car wont start wait anwb,,12
674,katebornstein pretti anti memori tattoo strictest there offici ban just disapprov famili,,24
675,balamurugan longterm member team leav month well miss work hope well next ventur,,25
676,justgelo sad know found bodi crazi world live child deserv ya know,,1
677,wanna rock maxi dress coachella lack fund,,25
678,cours babi scream crib night first day back work let cri boooo,,3
679,home miss babi busi week ahead fri chill day guy kid egg hunt sat spiral dmb sat night easter,,25
680,followsavvi never found everytim click twitter thing myspac goe dude page,,13
681,stephenkruis that horribl sorryto hear,,8
682,davidhenri cant find say dtmafiaoffici doesnt existther jus 1 dtmafia found n u dun seem b followin wht,,23
683,thought support,,8
684,augh eff sarth stole mil nail polish pretti o,,13
685,wish spring fling tour dawn amp neece sigh gknight,,13
686,hoyt distribut nz websit isnt work great like need,,3
687,crummyasshol dont like first movi cillian murphi hot,,8
688,wish good old cartoon come back ie captain planet where walli daria sad,,1
689,feel v good abt,,13
690,just got text sarah,,24
691,anoth day centr point time earli start guess train will ram commut,,12
692,four game fall modern warfar 2 halo 3 odst brutal legend bioshock 2 need cash,,3
693,dcastillo ugh that disconcert,,12
694,devinthedude007 actual whole site final taken damn russian,,8
695,tweet arent go,,25
696,just finish delici breakfast last pari ill miss milk europ tastiest milk world dont drink us,,24
697,ilearn great consid final week,,13
698,carmonium im stress outttt,,12
699,also shouldv bern asleep hour ago,,12
700,tri figur twitter thingnon friend yet soo much see,,25
701,reping kyle44 custom icon made look cool edg less squar might look bad diff background,,13
702,want back la,,8
703,enterbelladonna dunno use forum get frustrat ill miss talk,,25
704,lilbucknuts41 option,,3
705,georgeruiz unfortun one moment wasnt giant squid monster,,12
706,thestarrag want one branch midv open,,8
707,danann aw sorri hear,,8
708,chang plan order mac instead time hit book,,12
709,polhillian yup,,3
710,nkdreamer see donni tweet stat almost 700 repliesand jrk,,25
711,timgraing nah havent receiv stimulus yet,,12
712,ikimb0 just seen ur tweet plz write bak u get havnt got one repli bak,,24
713,mccainblogett awwwww tri go sleep 3 hour ago,,23
714,stephenkruis im sorri hear alway sad lose close us love,,1
715,cant sleep im still feelin like piec shit,,23
716,stephenkruis oh sympathi hard decis alway hope old border colli will go sleep shes 14 hug,,23
717,josephheustess well realli cool part wont spoil,,8
718,limbecki im time warp without sad,,1
719,theresawhit true lol still slap face warm end march,,12
720,hate convert movi just put em itouch,,24
721,gross pimpl,,22
722,torturedladi yea manaaaaaaaaaaaaaaaaaaaam marwan accent lol,,12
723,one less follow tonight,,12
724,unholyknight mom last night brb figur whether just burn,,24
725,feel like quottwittererquot tweetdeck,,13
726,wyldceltic1 karat tournament 8 week,,13
727,go sleep cant 1am againand didnt finish statist homework,,23
728,north carolina babi aint nothin stop nba draft,,12
729,cant sleep,,23
730,reaali miss john mayer twitter fuck rude peopl remov dont like tweet bitchfuck,,25
731,go late one mqu today,,12
732,im tire worki need life,,3
733,just leavin work feet hurt,,24
734,playradioplay sad unexpect total cri haha,,1
735,superneej morn bah car wont start wait anwb,,12
736,still homework,,12
737,littl sad,,1
738,deepbluesealov mom amp dad get around 6too earli,,23
739,shouldv asleep two hour ago,,12
740,stephenkruis sorri hear dog,,8
741,funni littl thing make homesick crimin breakn n2 brownston lawnord ci made misti,,13
742,djsoulsist yeah great vid 12quot singl sold year ago,,12
743,im val mac iitsc clubroom still sweat,,12
744,stephenkruis awww sad im sorri,,1
745,updatingff give noth good twenti minut,,13
746,hot compress rili workng pull muscl gng bed good night,,13
747,invit quothealthi diningquot session ashok hotel today exec chef rchopra damn workload will skip,,23
748,stephenkruis im sorri hear dog wish happier day come,,12
749,hellivina miss em,,25
750,misstoriblack cool tweet app razr 2,,25
751,im bed gotta wake hella earli tomorrow morn,,12
752,still procrastin hate organ cloth there just much,,24
753,just play new mobbler v040 add great new featur wont play music e71 like v035,,24
754,latroneb oh there one besti miss,,25
755,esuriospiritus time come back flawda doubl date serious im sorri hear,,12
756,im way late work client 1210 fb,,3
757,blegghhhh go work,,3
758,back work john muir dr,,3
759,dachesterfrench email yesterday u never respond,,12
760,go long year fan,,13
761,just got done watch new hous episodedefinit one saddest episod ever,,24
762,man tax suck im horrifi someth wrong turbotax decid keep around lot stuff turn,,12
763,sleep time tomorrow gonna suck,,12
764,wtf kutner oh im piss hous mean realli wtf,,8
765,amberpacif know dont know said,,8
766,cash rule everyth around,,12
767,just pick oat market eat breakfast boy adamgoldston now time work usc late night,,24
768,feel sick much icecream,,13
769,faithgg45 comput doesnt shockwaveblah account yet,,3
770,rubyrose1 awww wish go sydney,,13
771,luxuryprg hahaha surious feel like everyon know show joke except lc,,13
772,just cant spell today total suck,,24
773,vaccin chickenpoxshould vaccin 3 yr oldi confus damn thing,,13
774,school least last day,,12
775,yawwwn gotta get earli tomorrow whos readi weekend,,23
776,miss home calv seasonsad black one die morn wish bottl calv,,25
777,stephenkruis sorri loss brother dog sam sick wcush diseas,,8
778,back work get spend next 8 hour alon dispatch room,,3
779,there new kind starburst faver sound fab bc cherri strawberri fav red ad watermellon yucki,,12
780,well much product 2 day angel,,12
781,andreabak oh gee insomnia suck tri melatonin,,23
782,vivekg86 good hear support netbean netbean know,,13
783,heidimontag wish get time rest world unforn cairo wait mtva play,,23
784,heartbroken littl sandra prayer famili,,24
785,hadtobeyou im 900 word can ill finish tomorrow mayb,,12
786,shortiethug come ur background cover screen mine corner,,12
787,wrote exact three line dialogu tonight gave,,25
788,ashman01 complaint facebook theyv chang much confus,,24
789,slice finger,,12
790,go thru town traffic bypass stink,,25
791,ugh cant sleep wish good cuddl make ass,,23
792,hate softwar updat download updat without tell never know what download,,8
793,went ihop great diet least kung foo pancak time rachel,,12
794,internet hate night spose,,8
795,contactab im jealous miss open day year,,25
796,cruel wait review come far look like star trek will best film year,,13
797,debat just shower now can sleep littl later tomorrow,,24
798,stress alway culmin physic pain,,12
799,need sleep cant,,23
800,littl pinki finger hurt much,,24
801,sarahsaturday im sorri gift card ran suck,,8
802,home spring break one home tho,,12
803,access oneindiamobi googl phone android doesnt support indic languag,,3
804,school take life much dont get sleep anymor still school work well,,23
805,mtsiaklid aw wish cant realli speak yia yia doesnt speak english,,23
806,winggato free comp lol,,12
807,get readi clean hous top bottom,,23
808,cri friend move away tomorrow,,12
809,swiftkaratechop stop nomnom didnt share night peopl,,12
810,think get cold caught daddi oh trip ruin,,23
811,moony394 yeah bcoz kal penn visit lectur somewher n cant show anymor im gonna miss,,25
812,procrastin start earli quarter dont want reaaaaad write paper,,8
813,appar 52 degress 11pm washington state miss winter alreadi,,25
814,bore home,,25
815,massag great just spill coke desk lame watch simpson ive finish hill dvds,,24
816,nickcart will wait fanclub chat even tough your favorit,,12
817,mild left inner ear infect got irrit quotblockedquot feel sinc sunday,,13
818,janebodehous hey nope cute hoytfortenberri away awhil,,12
819,tuesday,,12
820,haha even yo just didnt know thang twitter haha,,24
821,someon alarm clock phone woke 3amstil got headach yesterday night,,12
822,kalichosich awww poor puppi ok,,25
823,might break eat buffalo wing tomorrow,,12
824,sittin wkayla realli realli reallli dislik brother doesnt know stop im wait day one,,12
825,fed bokki mani birthday treatssicko,,12
826,s kinda bum agenc just told didnt look go ladi pleas help creat look,,24
827,work laptop offici dead happi,,3
828,good freez,,13
829,heidimontag put listen mom,,24
830,stuck pari cant even travel franc work,,3
831,joannafbeckett dont think there one close last time check closest one 70 mile away,,8
832,aaaaand back literatur review least friend cup coffe keep compani,,12
833,worri wont get 900 even though paid buttload tax last year,,23
834,okay still school,,12
835,phoneless now sleep,,1
836,reek alcohol dentist morn drunk put tshirt realis huge stain dentist look disgust,,12
837,realli cold,,8
838,cant sleep want dream,,23
839,cant sleep hate night tri go bed earli stay awak hour poo,,23
840,rootbeersoup yeah bad peopl like certain burrito man exist,,13
841,cronotrigg that sad,,1
842,just found mum adopt aunti twitter check mum tessm64 awesom aunti tania38,,24
843,sleepwid awakeand gotta go work later boy go crappi day,,3
844,struggl eam law,,8
845,cant sleep like,,23
846,bout start 24 poor linni couldnt keep eye open tire work tomorrow morn night ilovefatsusan,,3
847,4 year old 18 year old drive around twisti dont want like,,8
848,well suck,,13
849,place 3 daysani help can get packingpaintingclean much appreci oh rip wall,,23
850,open partial frozen beer beer toaster oven counter kitchen smell like run speakeasi,,13
851,stewiebrittani dont even know ride,,8
852,monasmith sad yes think need council now,,1
853,make readi schooldont feel like go two test,,13
854,smug gone train also fail turn im head victoria follow unpleas tube ride citi,,12
855,anybodi know ipod went,,8
856,aww earthquak itali made sad just saw pic news terribl,,24
857,lilibat never abl afford get id much rather go extract continu deal now,,23
858,pet care peopl tri run other busi send suspici email fish info,,13
859,kameelahwrit lt33 codeztheyv mia tho,,13
860,reannaremick doesnt work cell go sleep p,,3
861,go nice tomorrow rain come back nice weather birthday,,12
862,taliasunset rock band hardon expert,,25
863,beachbassbon roomi home day scratch door comfort goto larg laundromat machin,,12
864,one hardest thing schedul one can chat end day usual,,12
865,kill charact one favorit show now im upset,,1
866,jealous friend got see new star trek film austin tonight,,25
867,listen q got realli bad headach drivin lesson ten min lucki just wana sleeep,,24
868,stevebuscemi shut youi hungri britain home bore suckassi breakfast world miss denni,,25
869,good morn everybodi pkoi y fai pas beau bon coffe time,,12
870,work,,3
871,essay time,,12
872,chauncey78 hey u talk mom r home yet hope r ok wish come home 4 easter,,12
873,endearingevania sure wish go guy tmrw per usual school interfer,,13
874,widyatarina say kal penn leav hous noooooo awww total miss tonight,,25
875,lost loyal,,23
876,play anoth hand bad lost half stack,,13
877,620pm earli day looooooong night work,,3
878,yaykimo sad last season wanna see spencer call lauren,,1
879,im done edit quotth phipstapequot back 2 crack brew see got tree though,,12
880,rj dont know half mean,,8
881,homework homework homework,,8
882,work heart today doubl weight station result stiff pull muscl ouch,,3
883,melamachinko now feel bad unfollow,,13
884,tire god hate new job two day,,12
885,sad kutner kill fav show hous,,1
886,happi coach stringer hof co 2009now can finish term paper,,13
887,feel like shit way want spend birthday eve,,13
888,far 311 site put togeth check updat made,,8
889,lot mind need make money idea nowher hire,,3
890,emiliexclarkex miss,,25
891,stephenkruis im sorri hear dog,,8
892,much internet plagu,,24
893,miss ex soo much,,25
894,sod m25,,13
895,oh thought pirat bay trial verdict today s appar 10 day,,12
896,featherinair call back,,12
897,studi hall now will log immedi,,1
898,tire im cri reason im tri get hour half tonight half got last night,,23
899,total like four girl option none seem viabl,,13
900,far 311 veiw site put togeth check updat made,,8
901,listen bjork full love cri,,25
902,omg hill love money2 aww think becki buckwild goe,,8
903,crave tantan nabe,,23
904,cmon sean man,,12
905,watch quota leagu ownquotmak miss mint chocol ice cream cone grand ma fuck,,25
906,lost phone wheremayb grass just long hope doesnt rain,,24
907,tomatosalsa hope arent refer say hello new stalker lol,,12
908,brettyboo u sleep ur gonna night now ur bike ride,,1
909,slessard wanna listen master,,25
910,sephystryx ive look good stuff write also load uni work,,3
911,feel unlov drop 2 tweeter,,13
912,london day thursday gonna rain oh fab wont see much london eye still robbi wont care bless,,12
913,complet wipe reload 8900 lost bbm contact go bed sad,,1
914,mykel sayyyi whaaaa wasnt invit,,12
915,didnt sleep bad consid workshop start today begin sore throat though,,23
916,astewart87 oh gosh made emot haha idk dont want get old,,8
917,go post stori manual due twitterfe problem that weve quiet late,,12
918,dont like lukewarm shower,,8
919,linuxfound contact need 1099 freelanc work linuxcom throughout 2008 never got one,,3
920,skylineking722 connor febi realli realli mad,,8
921,need help want buy macbook pro still inlov old powerbook,,8
922,michaeltao man america borez anyway lol just realiz sent msgs idea flash,,24
923,hellivina ihop gknight love ladi im sleepi now,,1
924,anybodi know get electrolyt back order vitamin work feel sick,,3
925,sudam08 yes someon hasnt read post proper,,12
926,almost italian homework weeeeee now understood,,1
927,turn light will time get ip,,23
928,therealnph twitter hate us,,8
929,hate fact im genuin excit last tweet,,8
930,celesteclara cant sleep either,,23
931,theblondetheori itali earthquak sad news day,,1
932,champagnemanoir rain today garden realli need quit bad,,3
933,yawn yawn yawn 10 minut bed,,12
934,majesticflam ouch sound sucki,,12
935,bengottlieb great idea itun promo code dont work uk itun store though,,3
936,mattycus cri,,12
937,rumlov empti rum barrel sad rum barrel shake head horror horror,,1
938,sleepless night,,12
939,billybush admit fake,,8
940,batmannn love chutney,,25
941,got high bore today scan 24 page daddi,,23
942,misterphipp cook risotto without,,1
943,keeeerrrrriiiiii realli noth better post thing 224amwonderfulll say alot,,13
944,yay basebal season boo yanke lose first game,,1
945,lost suck work today,,3
946,omg exam kill know differ haif circl hemispher lt3 gt,,8
947,bed sudden feel wish ma wme goodnight twitterfam,,13
948,rachelcmrn dont like goodnight,,8
949,greaaat lappi wont turn wtffffff,,12
950,m4rkm stuck traffic journey traffic free morn help,,12
951,lookin like allnight hate,,13
952,vernonhamilton your stranger,,25
953,debbug old vb6 code day start better,,12
954,toddlington quarter percent babe darn,,1
955,come cold bad allergi either way im miser,,12
956,cant believ cutner dead hous sad day santa rosa ca,,1
957,damnit realli dig season reaper,,8
958,gah comcast doubl cableinternet bill wout tell us quit can anyon suggest afford compani bay area,,23
959,anoth earli morn duchess although hadnt manag cross leg time,,12
960,alexbigman left without say hi,,1
961,l want cant sleep,,23
962,tracydowd xbox show three red light mean dead need fix month microsoft hq,,3
963,king size bed nice sad lone hubbi puppi kitti whole confer thing,,1
964,im boredd gah wish just sleep get ive toooo muchh cooooffffeeeeeeee bahaha,,24
965,whyinthehel may butt im done nosey sorri convers just interest,,24
966,smokeyrobinson fell listdid offend,,24
967,18 week till sister home miss call worst feel world,,25
968,gonna tri get sleep hotel room,,23
969,chimpytwit brilliant idea just bring much think youll spend amp ill swap bring brolli,,24
970,simonekali get autograph shout record though comput dead cant listen,,23
971,rt kimkardashian khloe just got fire apprentic,,24
972,biolog class lip hurt,,1
973,sorri next tweet,,8
974,grr go school today,,23
975,jennlopez get hd tivo just got set tonight order get channel 40 59,,24
976,mouthsex ask everyon yesterday singl tweet back,,12
977,adam ruddi money like still wait oh surpris state hmmm serious,,13
978,kalpenn sad kutner favorit new team,,1
979,marcusmim wow didnt get quothelloquot u suck,,23
980,bedtim school tomorrow still book broke suckssss,,12
981,seat help babi paperswel forc seat im sleepi,,8
982,synch contact old mobil iphon import work well,,3
983,cant concentr,,23
984,ive just spent 1 hour enter bureaucrat nonsens march wast time,,24
985,nw confus ever,,8
986,feel well stupid migrain make tummi upset whole bodi ach shoot now,,13
987,read buyolog bedtim great premis turn quotokquot book lot info alreadi knew,,12
988,home realli wana sleep due wast free line town assign finish,,23
989,hellobeb also send updat plurk upload photo twitter didnt see updat plurk zero,,25
990,omg quotth readerquot make,,13
991,cloudpimp doh least your get decent exchang rate moment sterl still get flog,,23
992,tri download tweetdeck wont download,,23
993,there inch snow ground count im worri poor flower,,25
994,dweeman arent happi camper,,25
995,dkoenig thank man im grate feel unworthi attent though im,,13
996,twolf miss u im total comin back tho lastnight sooooooo much fun,,25
997,sniffinglu ohhh love ps im sad didnt get hang,,23
998,somehow still end place,,12
999,kisluvki oh sad poor boy,,1
1000,jonathanrknight silvertulip27 um hell fug poker dog pant cruis hi jonathan sorri miss,,25
